Time_hours,Power_kW
0.0,10
0.08333333333333333,10
0.16666666666666666,10
0.25,10
0.3333333333333333,10
0.4166666666666667,10
0.5,10
0.5833333333333334,10
0.6666666666666666,10
0.75,10
0.8333333333333334,10
0.9166666666666666,10
1.0,10
1.0833333333333333,10
1.1666666666666667,10
1.25,10
1.3333333333333333,10
1.4166666666666667,10
1.5,10
1.5833333333333333,10
1.6666666666666667,10
1.75,10
1.8333333333333333,10
1.9166666666666667,10
2.0,10
2.0833333333333335,10
2.1666666666666665,10
2.25,10
2.3333333333333335,10
2.4166666666666665,10
2.5,10
2.5833333333333335,10
2.6666666666666665,10
2.75,10
2.8333333333333335,10
2.9166666666666665,10
3.0,10
3.0833333333333335,10
3.1666666666666665,10
3.25,10
3.3333333333333335,10
3.4166666666666665,10
3.5,10
3.5833333333333335,10
3.6666666666666665,10
3.75,10
3.8333333333333335,10
3.9166666666666665,10
4.0,10
4.083333333333333,10
4.166666666666667,10
4.25,10
4.333333333333333,10
4.416666666666667,10
4.5,10
4.583333333333333,10
4.666666666666667,10
4.75,10
4.833333333333333,10
4.916666666666667,10
5.0,10
5.083333333333333,10
5.166666666666667,10
5.25,10
5.333333333333333,10
5.416666666666667,10
5.5,10
5.583333333333333,10
5.666666666666667,10
5.75,10
5.833333333333333,10
5.916666666666667,10
6.0,10
6.083333333333333,10
6.166666666666667,10
6.25,10
6.333333333333333,10
6.416666666666667,10
6.5,10
6.583333333333333,10
6.666666666666667,10
6.75,10
6.833333333333333,10
6.916666666666667,10
7.0,10
7.083333333333333,10
7.166666666666667,10
7.25,10
7.333333333333333,10
7.416666666666667,10
7.5,10
7.583333333333333,10
7.666666666666667,10
7.75,10
7.833333333333333,10
7.916666666666667,10
8.0,50
8.083333333333334,50
8.166666666666666,50
8.25,50
8.333333333333334,50
8.416666666666666,50
8.5,50
8.583333333333334,50
8.666666666666666,50
8.75,50
8.833333333333334,50
8.916666666666666,50
9.0,50
9.083333333333334,50
9.166666666666666,50
9.25,50
9.333333333333334,50
9.416666666666666,50
9.5,50
9.583333333333334,50
9.666666666666666,50
9.75,50
9.833333333333334,50
9.916666666666666,50
10.0,50
10.083333333333334,50
10.166666666666666,50
10.25,50
10.333333333333334,50
10.416666666666666,50
10.5,50
10.583333333333334,50
10.666666666666666,50
10.75,50
10.833333333333334,50
10.916666666666666,50
11.0,50
11.083333333333334,50
11.166666666666666,50
11.25,50
11.333333333333334,50
11.416666666666666,50
11.5,50
11.583333333333334,50
11.666666666666666,50
11.75,50
11.833333333333334,50
11.916666666666666,50
12.0,50
12.083333333333334,50
12.166666666666666,50
12.25,50
12.333333333333334,50
12.416666666666666,50
12.5,50
12.583333333333334,50
12.666666666666666,50
12.75,50
12.833333333333334,50
12.916666666666666,50
13.0,50
13.083333333333334,50
13.166666666666666,50
13.25,50
13.333333333333334,50
13.416666666666666,50
13.5,50
13.583333333333334,50
13.666666666666666,50
13.75,50
13.833333333333334,50
13.916666666666666,50
14.0,50
14.083333333333334,50
14.166666666666666,50
14.25,50
14.333333333333334,50
14.416666666666666,50
14.5,50
14.583333333333334,50
14.666666666666666,50
14.75,50
14.833333333333334,50
14.916666666666666,50
15.0,50
15.083333333333334,50
15.166666666666666,50
15.25,50
15.333333333333334,50
15.416666666666666,50
15.5,50
15.583333333333334,50
15.666666666666666,50
15.75,50
15.833333333333334,50
15.916666666666666,50
16.0,50
16.083333333333332,50
16.166666666666668,50
16.25,50
16.333333333333332,50
16.416666666666668,50
16.5,50
16.583333333333332,50
16.666666666666668,50
16.75,50
16.833333333333332,50
16.916666666666668,50
17.0,10
17.083333333333332,10
17.166666666666668,10
17.25,10
17.333333333333332,10
17.416666666666668,10
17.5,10
17.583333333333332,10
17.666666666666668,10
17.75,10
17.833333333333332,10
17.916666666666668,10
18.0,10
18.083333333333332,10
18.166666666666668,10
18.25,10
18.333333333333332,10
18.416666666666668,10
18.5,10
18.583333333333332,10
18.666666666666668,10
18.75,10
18.833333333333332,10
18.916666666666668,10
19.0,10
19.083333333333332,10
19.166666666666668,10
19.25,10
19.333333333333332,10
19.416666666666668,10
19.5,10
19.583333333333332,10
19.666666666666668,10
19.75,10
19.833333333333332,10
19.916666666666668,10
20.0,10
20.083333333333332,10
20.166666666666668,10
20.25,10
20.333333333333332,10
20.416666666666668,10
20.5,10
20.583333333333332,10
20.666666666666668,10
20.75,10
20.833333333333332,10
20.916666666666668,10
21.0,10
21.083333333333332,10
21.166666666666668,10
21.25,10
21.333333333333332,10
21.416666666666668,10
21.5,10
21.583333333333332,10
21.666666666666668,10
21.75,10
21.833333333333332,10
21.916666666666668,10
22.0,10
22.083333333333332,10
22.166666666666668,10
22.25,10
22.333333333333332,10
22.416666666666668,10
22.5,10
22.583333333333332,10
22.666666666666668,10
22.75,10
22.833333333333332,10
22.916666666666668,10
23.0,10
23.083333333333332,10
23.166666666666668,10
23.25,10
23.333333333333332,10
23.416666666666668,10
23.5,10
23.583333333333332,10
23.666666666666668,10
23.75,10
23.833333333333332,10
23.916666666666668,10
24.0,10
24.083333333333332,10
24.166666666666668,10
24.25,10
24.333333333333332,10
24.416666666666668,10
24.5,10
24.583333333333332,10
24.666666666666668,10
24.75,10
24.833333333333332,10
24.916666666666668,10
25.0,10
25.083333333333332,10
25.166666666666668,10
25.25,10
25.333333333333332,10
25.416666666666668,10
25.5,10
25.583333333333332,10
25.666666666666668,10
25.75,10
25.833333333333332,10
25.916666666666668,10
26.0,10
26.083333333333332,10
26.166666666666668,10
26.25,10
26.333333333333332,10
26.416666666666668,10
26.5,10
26.583333333333332,10
26.666666666666668,10
26.75,10
26.833333333333332,10
26.916666666666668,10
27.0,10
27.083333333333332,10
27.166666666666668,10
27.25,10
27.333333333333332,10
27.416666666666668,10
27.5,10
27.583333333333332,10
27.666666666666668,10
27.75,10
27.833333333333332,10
27.916666666666668,10
28.0,10
28.083333333333332,10
28.166666666666668,10
28.25,10
28.333333333333332,10
28.416666666666668,10
28.5,10
28.583333333333332,10
28.666666666666668,10
28.75,10
28.833333333333332,10
28.916666666666668,10
29.0,10
29.083333333333332,10
29.166666666666668,10
29.25,10
29.333333333333332,10
29.416666666666668,10
29.5,10
29.583333333333332,10
29.666666666666668,10
29.75,10
29.833333333333332,10
29.916666666666668,10
30.0,10
30.083333333333332,10
30.166666666666668,10
30.25,10
30.333333333333332,10
30.416666666666668,10
30.5,10
30.583333333333332,10
30.666666666666668,10
30.75,10
30.833333333333332,10
30.916666666666668,10
31.0,10
31.083333333333332,10
31.166666666666668,10
31.25,10
31.333333333333332,10
31.416666666666668,10
31.5,10
31.583333333333332,10
31.666666666666668,10
31.75,10
31.833333333333332,10
31.916666666666668,10
32.0,50
32.083333333333336,50
32.166666666666664,50
32.25,50
32.333333333333336,50
32.416666666666664,50
32.5,50
32.583333333333336,50
32.666666666666664,50
32.75,50
32.833333333333336,50
32.916666666666664,50
33.0,50
33.083333333333336,50
33.166666666666664,50
33.25,50
33.333333333333336,50
33.416666666666664,50
33.5,50
33.583333333333336,50
33.666666666666664,50
33.75,50
33.833333333333336,50
33.916666666666664,50
34.0,50
34.083333333333336,50
34.166666666666664,50
34.25,50
34.333333333333336,50
34.416666666666664,50
34.5,50
34.583333333333336,50
34.666666666666664,50
34.75,50
34.833333333333336,50
34.916666666666664,50
35.0,50
35.083333333333336,50
35.166666666666664,50
35.25,50
35.333333333333336,50
35.416666666666664,50
35.5,50
35.583333333333336,50
35.666666666666664,50
35.75,50
35.833333333333336,50
35.916666666666664,50
36.0,50
36.083333333333336,50
36.166666666666664,50
36.25,50
36.333333333333336,50
36.416666666666664,50
36.5,50
36.583333333333336,50
36.666666666666664,50
36.75,50
36.833333333333336,50
36.916666666666664,50
37.0,50
37.083333333333336,50
37.166666666666664,50
37.25,50
37.333333333333336,50
37.416666666666664,50
37.5,50
37.583333333333336,50
37.666666666666664,50
37.75,50
37.833333333333336,50
37.916666666666664,50
38.0,50
38.083333333333336,50
38.166666666666664,50
38.25,50
38.333333333333336,50
38.416666666666664,50
38.5,50
38.583333333333336,50
38.666666666666664,50
38.75,50
38.833333333333336,50
38.916666666666664,50
39.0,50
39.083333333333336,50
39.166666666666664,50
39.25,50
39.333333333333336,50
39.416666666666664,50
39.5,50
39.583333333333336,50
39.666666666666664,50
39.75,50
39.833333333333336,50
39.916666666666664,50
40.0,50
40.083333333333336,50
40.166666666666664,50
40.25,50
40.333333333333336,50
40.416666666666664,50
40.5,50
40.583333333333336,50
40.666666666666664,50
40.75,50
40.833333333333336,50
40.916666666666664,50
41.0,10
41.083333333333336,10
41.166666666666664,10
41.25,10
41.333333333333336,10
41.416666666666664,10
41.5,10
41.583333333333336,10
41.666666666666664,10
41.75,10
41.833333333333336,10
41.916666666666664,10
42.0,10
42.083333333333336,10
42.166666666666664,10
42.25,10
42.333333333333336,10
42.416666666666664,10
42.5,10
42.583333333333336,10
42.666666666666664,10
42.75,10
42.833333333333336,10
42.916666666666664,10
43.0,10
43.083333333333336,10
43.166666666666664,10
43.25,10
43.333333333333336,10
43.416666666666664,10
43.5,10
43.583333333333336,10
43.666666666666664,10
43.75,10
43.833333333333336,10
43.916666666666664,10
44.0,10
44.083333333333336,10
44.166666666666664,10
44.25,10
44.333333333333336,10
44.416666666666664,10
44.5,10
44.583333333333336,10
44.666666666666664,10
44.75,10
44.833333333333336,10
44.916666666666664,10
45.0,10
45.083333333333336,10
45.166666666666664,10
45.25,10
45.333333333333336,10
45.416666666666664,10
45.5,10
45.583333333333336,10
45.666666666666664,10
45.75,10
45.833333333333336,10
45.916666666666664,10
46.0,10
46.083333333333336,10
46.166666666666664,10
46.25,10
46.333333333333336,10
46.416666666666664,10
46.5,10
46.583333333333336,10
46.666666666666664,10
46.75,10
46.833333333333336,10
46.916666666666664,10
47.0,10
47.083333333333336,10
47.166666666666664,10
47.25,10
47.333333333333336,10
47.416666666666664,10
47.5,10
47.583333333333336,10
47.666666666666664,10
47.75,10
47.833333333333336,10
47.916666666666664,10
48.0,10
48.083333333333336,10
48.166666666666664,10
48.25,10
48.333333333333336,10
48.416666666666664,10
48.5,10
48.583333333333336,10
48.666666666666664,10
48.75,10
48.833333333333336,10
48.916666666666664,10
49.0,10
49.083333333333336,10
49.166666666666664,10
49.25,10
49.333333333333336,10
49.416666666666664,10
49.5,10
49.583333333333336,10
49.666666666666664,10
49.75,10
49.833333333333336,10
49.916666666666664,10
50.0,10
50.083333333333336,10
50.166666666666664,10
50.25,10
50.333333333333336,10
50.416666666666664,10
50.5,10
50.583333333333336,10
50.666666666666664,10
50.75,10
50.833333333333336,10
50.916666666666664,10
51.0,10
51.083333333333336,10
51.166666666666664,10
51.25,10
51.333333333333336,10
51.416666666666664,10
51.5,10
51.583333333333336,10
51.666666666666664,10
51.75,10
51.833333333333336,10
51.916666666666664,10
52.0,10
52.083333333333336,10
52.166666666666664,10
52.25,10
52.333333333333336,10
52.416666666666664,10
52.5,10
52.583333333333336,10
52.666666666666664,10
52.75,10
52.833333333333336,10
52.916666666666664,10
53.0,10
53.083333333333336,10
53.166666666666664,10
53.25,10
53.333333333333336,10
53.416666666666664,10
53.5,10
53.583333333333336,10
53.666666666666664,10
53.75,10
53.833333333333336,10
53.916666666666664,10
54.0,10
54.083333333333336,10
54.166666666666664,10
54.25,10
54.333333333333336,10
54.416666666666664,10
54.5,10
54.583333333333336,10
54.666666666666664,10
54.75,10
54.833333333333336,10
54.916666666666664,10
55.0,10
55.083333333333336,10
55.166666666666664,10
55.25,10
55.333333333333336,10
55.416666666666664,10
55.5,10
55.583333333333336,10
55.666666666666664,10
55.75,10
55.833333333333336,10
55.916666666666664,10
56.0,50
56.083333333333336,50
56.166666666666664,50
56.25,50
56.333333333333336,50
56.416666666666664,50
56.5,50
56.583333333333336,50
56.666666666666664,50
56.75,50
56.833333333333336,50
56.916666666666664,50
57.0,50
57.083333333333336,50
57.166666666666664,50
57.25,50
57.333333333333336,50
57.416666666666664,50
57.5,50
57.583333333333336,50
57.666666666666664,50
57.75,50
57.833333333333336,50
57.916666666666664,50
58.0,50
58.083333333333336,50
58.166666666666664,50
58.25,50
58.333333333333336,50
58.416666666666664,50
58.5,50
58.583333333333336,50
58.666666666666664,50
58.75,50
58.833333333333336,50
58.916666666666664,50
59.0,50
59.083333333333336,50
59.166666666666664,50
59.25,50
59.333333333333336,50
59.416666666666664,50
59.5,50
59.583333333333336,50
59.666666666666664,50
59.75,50
59.833333333333336,50
59.916666666666664,50
60.0,50
60.083333333333336,50
60.166666666666664,50
60.25,50
60.333333333333336,50
60.416666666666664,50
60.5,50
60.583333333333336,50
60.666666666666664,50
60.75,50
60.833333333333336,50
60.916666666666664,50
61.0,50
61.083333333333336,50
61.166666666666664,50
61.25,50
61.333333333333336,50
61.416666666666664,50
61.5,50
61.583333333333336,50
61.666666666666664,50
61.75,50
61.833333333333336,50
61.916666666666664,50
62.0,50
62.083333333333336,50
62.166666666666664,50
62.25,50
62.333333333333336,50
62.416666666666664,50
62.5,50
62.583333333333336,50
62.666666666666664,50
62.75,50
62.833333333333336,50
62.916666666666664,50
63.0,50
63.083333333333336,50
63.166666666666664,50
63.25,50
63.333333333333336,50
63.416666666666664,50
63.5,50
63.583333333333336,50
63.666666666666664,50
63.75,50
63.833333333333336,50
63.916666666666664,50
64.0,50
64.08333333333333,50
64.16666666666667,50
64.25,50
64.33333333333333,50
64.41666666666667,50
64.5,50
64.58333333333333,50
64.66666666666667,50
64.75,50
64.83333333333333,50
64.91666666666667,50
65.0,10
65.08333333333333,10
65.16666666666667,10
65.25,10
65.33333333333333,10
65.41666666666667,10
65.5,10
65.58333333333333,10
65.66666666666667,10
65.75,10
65.83333333333333,10
65.91666666666667,10
66.0,10
66.08333333333333,10
66.16666666666667,10
66.25,10
66.33333333333333,10
66.41666666666667,10
66.5,10
66.58333333333333,10
66.66666666666667,10
66.75,10
66.83333333333333,10
66.91666666666667,10
67.0,10
67.08333333333333,10
67.16666666666667,10
67.25,10
67.33333333333333,10
67.41666666666667,10
67.5,10
67.58333333333333,10
67.66666666666667,10
67.75,10
67.83333333333333,10
67.91666666666667,10
68.0,10
68.08333333333333,10
68.16666666666667,10
68.25,10
68.33333333333333,10
68.41666666666667,10
68.5,10
68.58333333333333,10
68.66666666666667,10
68.75,10
68.83333333333333,10
68.91666666666667,10
69.0,10
69.08333333333333,10
69.16666666666667,10
69.25,10
69.33333333333333,10
69.41666666666667,10
69.5,10
69.58333333333333,10
69.66666666666667,10
69.75,10
69.83333333333333,10
69.91666666666667,10
70.0,10
70.08333333333333,10
70.16666666666667,10
70.25,10
70.33333333333333,10
70.41666666666667,10
70.5,10
70.58333333333333,10
70.66666666666667,10
70.75,10
70.83333333333333,10
70.91666666666667,10
71.0,10
71.08333333333333,10
71.16666666666667,10
71.25,10
71.33333333333333,10
71.41666666666667,10
71.5,10
71.58333333333333,10
71.66666666666667,10
71.75,10
71.83333333333333,10
71.91666666666667,10
72.0,10
72.08333333333333,10
72.16666666666667,10
72.25,10
72.33333333333333,10
72.41666666666667,10
72.5,10
72.58333333333333,10
72.66666666666667,10
72.75,10
72.83333333333333,10
72.91666666666667,10
73.0,10
73.08333333333333,10
73.16666666666667,10
73.25,10
73.33333333333333,10
73.41666666666667,10
73.5,10
73.58333333333333,10
73.66666666666667,10
73.75,10
73.83333333333333,10
73.91666666666667,10
74.0,10
74.08333333333333,10
74.16666666666667,10
74.25,10
74.33333333333333,10
74.41666666666667,10
74.5,10
74.58333333333333,10
74.66666666666667,10
74.75,10
74.83333333333333,10
74.91666666666667,10
75.0,10
75.08333333333333,10
75.16666666666667,10
75.25,10
75.33333333333333,10
75.41666666666667,10
75.5,10
75.58333333333333,10
75.66666666666667,10
75.75,10
75.83333333333333,10
75.91666666666667,10
76.0,10
76.08333333333333,10
76.16666666666667,10
76.25,10
76.33333333333333,10
76.41666666666667,10
76.5,10
76.58333333333333,10
76.66666666666667,10
76.75,10
76.83333333333333,10
76.91666666666667,10
77.0,10
77.08333333333333,10
77.16666666666667,10
77.25,10
77.33333333333333,10
77.41666666666667,10
77.5,10
77.58333333333333,10
77.66666666666667,10
77.75,10
77.83333333333333,10
77.91666666666667,10
78.0,10
78.08333333333333,10
78.16666666666667,10
78.25,10
78.33333333333333,10
78.41666666666667,10
78.5,10
78.58333333333333,10
78.66666666666667,10
78.75,10
78.83333333333333,10
78.91666666666667,10
79.0,10
79.08333333333333,10
79.16666666666667,10
79.25,10
79.33333333333333,10
79.41666666666667,10
79.5,10
79.58333333333333,10
79.66666666666667,10
79.75,10
79.83333333333333,10
79.91666666666667,10
80.0,50
80.08333333333333,50
80.16666666666667,50
80.25,50
80.33333333333333,50
80.41666666666667,50
80.5,50
80.58333333333333,50
80.66666666666667,50
80.75,50
80.83333333333333,50
80.91666666666667,50
81.0,50
81.08333333333333,50
81.16666666666667,50
81.25,50
81.33333333333333,50
81.41666666666667,50
81.5,50
81.58333333333333,50
81.66666666666667,50
81.75,50
81.83333333333333,50
81.91666666666667,50
82.0,50
82.08333333333333,50
82.16666666666667,50
82.25,50
82.33333333333333,50
82.41666666666667,50
82.5,50
82.58333333333333,50
82.66666666666667,50
82.75,50
82.83333333333333,50
82.91666666666667,50
83.0,50
83.08333333333333,50
83.16666666666667,50
83.25,50
83.33333333333333,50
83.41666666666667,50
83.5,50
83.58333333333333,50
83.66666666666667,50
83.75,50
83.83333333333333,50
83.91666666666667,50
84.0,50
84.08333333333333,50
84.16666666666667,50
84.25,50
84.33333333333333,50
84.41666666666667,50
84.5,50
84.58333333333333,50
84.66666666666667,50
84.75,50
84.83333333333333,50
84.91666666666667,50
85.0,50
85.08333333333333,50
85.16666666666667,50
85.25,50
85.33333333333333,50
85.41666666666667,50
85.5,50
85.58333333333333,50
85.66666666666667,50
85.75,50
85.83333333333333,50
85.91666666666667,50
86.0,50
86.08333333333333,50
86.16666666666667,50
86.25,50
86.33333333333333,50
86.41666666666667,50
86.5,50
86.58333333333333,50
86.66666666666667,50
86.75,50
86.83333333333333,50
86.91666666666667,50
87.0,50
87.08333333333333,50
87.16666666666667,50
87.25,50
87.33333333333333,50
87.41666666666667,50
87.5,50
87.58333333333333,50
87.66666666666667,50
87.75,50
87.83333333333333,50
87.91666666666667,50
88.0,50
88.08333333333333,50
88.16666666666667,50
88.25,50
88.33333333333333,50
88.41666666666667,50
88.5,50
88.58333333333333,50
88.66666666666667,50
88.75,50
88.83333333333333,50
88.91666666666667,50
89.0,10
89.08333333333333,10
89.16666666666667,10
89.25,10
89.33333333333333,10
89.41666666666667,10
89.5,10
89.58333333333333,10
89.66666666666667,10
89.75,10
89.83333333333333,10
89.91666666666667,10
90.0,10
90.08333333333333,10
90.16666666666667,10
90.25,10
90.33333333333333,10
90.41666666666667,10
90.5,10
90.58333333333333,10
90.66666666666667,10
90.75,10
90.83333333333333,10
90.91666666666667,10
91.0,10
91.08333333333333,10
91.16666666666667,10
91.25,10
91.33333333333333,10
91.41666666666667,10
91.5,10
91.58333333333333,10
91.66666666666667,10
91.75,10
91.83333333333333,10
91.91666666666667,10
92.0,10
92.08333333333333,10
92.16666666666667,10
92.25,10
92.33333333333333,10
92.41666666666667,10
92.5,10
92.58333333333333,10
92.66666666666667,10
92.75,10
92.83333333333333,10
92.91666666666667,10
93.0,10
93.08333333333333,10
93.16666666666667,10
93.25,10
93.33333333333333,10
93.41666666666667,10
93.5,10
93.58333333333333,10
93.66666666666667,10
93.75,10
93.83333333333333,10
93.91666666666667,10
94.0,10
94.08333333333333,10
94.16666666666667,10
94.25,10
94.33333333333333,10
94.41666666666667,10
94.5,10
94.58333333333333,10
94.66666666666667,10
94.75,10
94.83333333333333,10
94.91666666666667,10
95.0,10
95.08333333333333,10
95.16666666666667,10
95.25,10
95.33333333333333,10
95.41666666666667,10
95.5,10
95.58333333333333,10
95.66666666666667,10
95.75,10
95.83333333333333,10
95.91666666666667,10
96.0,10
96.08333333333333,10
96.16666666666667,10
96.25,10
96.33333333333333,10
96.41666666666667,10
96.5,10
96.58333333333333,10
96.66666666666667,10
96.75,10
96.83333333333333,10
96.91666666666667,10
97.0,10
97.08333333333333,10
97.16666666666667,10
97.25,10
97.33333333333333,10
97.41666666666667,10
97.5,10
97.58333333333333,10
97.66666666666667,10
97.75,10
97.83333333333333,10
97.91666666666667,10
98.0,10
98.08333333333333,10
98.16666666666667,10
98.25,10
98.33333333333333,10
98.41666666666667,10
98.5,10
98.58333333333333,10
98.66666666666667,10
98.75,10
98.83333333333333,10
98.91666666666667,10
99.0,10
99.08333333333333,10
99.16666666666667,10
99.25,10
99.33333333333333,10
99.41666666666667,10
99.5,10
99.58333333333333,10
99.66666666666667,10
99.75,10
99.83333333333333,10
99.91666666666667,10
100.0,10
100.08333333333333,10
100.16666666666667,10
100.25,10
100.33333333333333,10
100.41666666666667,10
100.5,10
100.58333333333333,10
100.66666666666667,10
100.75,10
100.83333333333333,10
100.91666666666667,10
101.0,10
101.08333333333333,10
101.16666666666667,10
101.25,10
101.33333333333333,10
101.41666666666667,10
101.5,10
101.58333333333333,10
101.66666666666667,10
101.75,10
101.83333333333333,10
101.91666666666667,10
102.0,10
102.08333333333333,10
102.16666666666667,10
102.25,10
102.33333333333333,10
102.41666666666667,10
102.5,10
102.58333333333333,10
102.66666666666667,10
102.75,10
102.83333333333333,10
102.91666666666667,10
103.0,10
103.08333333333333,10
103.16666666666667,10
103.25,10
103.33333333333333,10
103.41666666666667,10
103.5,10
103.58333333333333,10
103.66666666666667,10
103.75,10
103.83333333333333,10
103.91666666666667,10
104.0,50
104.08333333333333,50
104.16666666666667,50
104.25,50
104.33333333333333,50
104.41666666666667,50
104.5,50
104.58333333333333,50
104.66666666666667,50
104.75,50
104.83333333333333,50
104.91666666666667,50
105.0,50
105.08333333333333,50
105.16666666666667,50
105.25,50
105.33333333333333,50
105.41666666666667,50
105.5,50
105.58333333333333,50
105.66666666666667,50
105.75,50
105.83333333333333,50
105.91666666666667,50
106.0,50
106.08333333333333,50
106.16666666666667,50
106.25,50
106.33333333333333,50
106.41666666666667,50
106.5,50
106.58333333333333,50
106.66666666666667,50
106.75,50
106.83333333333333,50
106.91666666666667,50
107.0,50
107.08333333333333,50
107.16666666666667,50
107.25,50
107.33333333333333,50
107.41666666666667,50
107.5,50
107.58333333333333,50
107.66666666666667,50
107.75,50
107.83333333333333,50
107.91666666666667,50
108.0,50
108.08333333333333,50
108.16666666666667,50
108.25,50
108.33333333333333,50
108.41666666666667,50
108.5,50
108.58333333333333,50
108.66666666666667,50
108.75,50
108.83333333333333,50
108.91666666666667,50
109.0,50
109.08333333333333,50
109.16666666666667,50
109.25,50
109.33333333333333,50
109.41666666666667,50
109.5,50
109.58333333333333,50
109.66666666666667,50
109.75,50
109.83333333333333,50
109.91666666666667,50
110.0,50
110.08333333333333,50
110.16666666666667,50
110.25,50
110.33333333333333,50
110.41666666666667,50
110.5,50
110.58333333333333,50
110.66666666666667,50
110.75,50
110.83333333333333,50
110.91666666666667,50
111.0,50
111.08333333333333,50
111.16666666666667,50
111.25,50
111.33333333333333,50
111.41666666666667,50
111.5,50
111.58333333333333,50
111.66666666666667,50
111.75,50
111.83333333333333,50
111.91666666666667,50
112.0,50
112.08333333333333,50
112.16666666666667,50
112.25,50
112.33333333333333,50
112.41666666666667,50
112.5,50
112.58333333333333,50
112.66666666666667,50
112.75,50
112.83333333333333,50
112.91666666666667,50
113.0,10
113.08333333333333,10
113.16666666666667,10
113.25,10
113.33333333333333,10
113.41666666666667,10
113.5,10
113.58333333333333,10
113.66666666666667,10
113.75,10
113.83333333333333,10
113.91666666666667,10
114.0,10
114.08333333333333,10
114.16666666666667,10
114.25,10
114.33333333333333,10
114.41666666666667,10
114.5,10
114.58333333333333,10
114.66666666666667,10
114.75,10
114.83333333333333,10
114.91666666666667,10
115.0,10
115.08333333333333,10
115.16666666666667,10
115.25,10
115.33333333333333,10
115.41666666666667,10
115.5,10
115.58333333333333,10
115.66666666666667,10
115.75,10
115.83333333333333,10
115.91666666666667,10
116.0,10
116.08333333333333,10
116.16666666666667,10
116.25,10
116.33333333333333,10
116.41666666666667,10
116.5,10
116.58333333333333,10
116.66666666666667,10
116.75,10
116.83333333333333,10
116.91666666666667,10
117.0,10
117.08333333333333,10
117.16666666666667,10
117.25,10
117.33333333333333,10
117.41666666666667,10
117.5,10
117.58333333333333,10
117.66666666666667,10
117.75,10
117.83333333333333,10
117.91666666666667,10
118.0,10
118.08333333333333,10
118.16666666666667,10
118.25,10
118.33333333333333,10
118.41666666666667,10
118.5,10
118.58333333333333,10
118.66666666666667,10
118.75,10
118.83333333333333,10
118.91666666666667,10
119.0,10
119.08333333333333,10
119.16666666666667,10
119.25,10
119.33333333333333,10
119.41666666666667,10
119.5,10
119.58333333333333,10
119.66666666666667,10
119.75,10
119.83333333333333,10
119.91666666666667,10
120.0,10
120.08333333333333,10
120.16666666666667,10
120.25,10
120.33333333333333,10
120.41666666666667,10
120.5,10
120.58333333333333,10
120.66666666666667,10
120.75,10
120.83333333333333,10
120.91666666666667,10
121.0,10
121.08333333333333,10
121.16666666666667,10
121.25,10
121.33333333333333,10
121.41666666666667,10
121.5,10
121.58333333333333,10
121.66666666666667,10
121.75,10
121.83333333333333,10
121.91666666666667,10
122.0,10
122.08333333333333,10
122.16666666666667,10
122.25,10
122.33333333333333,10
122.41666666666667,10
122.5,10
122.58333333333333,10
122.66666666666667,10
122.75,10
122.83333333333333,10
122.91666666666667,10
123.0,10
123.08333333333333,10
123.16666666666667,10
123.25,10
123.33333333333333,10
123.41666666666667,10
123.5,10
123.58333333333333,10
123.66666666666667,10
123.75,10
123.83333333333333,10
123.91666666666667,10
124.0,10
124.08333333333333,10
124.16666666666667,10
124.25,10
124.33333333333333,10
124.41666666666667,10
124.5,10
124.58333333333333,10
124.66666666666667,10
124.75,10
124.83333333333333,10
124.91666666666667,10
125.0,10
125.08333333333333,10
125.16666666666667,10
125.25,10
125.33333333333333,10
125.41666666666667,10
125.5,10
125.58333333333333,10
125.66666666666667,10
125.75,10
125.83333333333333,10
125.91666666666667,10
126.0,10
126.08333333333333,10
126.16666666666667,10
126.25,10
126.33333333333333,10
126.41666666666667,10
126.5,10
126.58333333333333,10
126.66666666666667,10
126.75,10
126.83333333333333,10
126.91666666666667,10
127.0,10
127.08333333333333,10
127.16666666666667,10
127.25,10
127.33333333333333,10
127.41666666666667,10
127.5,10
127.58333333333333,10
127.66666666666667,10
127.75,10
127.83333333333333,10
127.91666666666667,10
128.0,10
128.08333333333334,10
128.16666666666666,10
128.25,10
128.33333333333334,10
128.41666666666666,10
128.5,10
128.58333333333334,10
128.66666666666666,10
128.75,10
128.83333333333334,10
128.91666666666666,10
129.0,10
129.08333333333334,10
129.16666666666666,10
129.25,10
129.33333333333334,10
129.41666666666666,10
129.5,10
129.58333333333334,10
129.66666666666666,10
129.75,10
129.83333333333334,10
129.91666666666666,10
130.0,10
130.08333333333334,10
130.16666666666666,10
130.25,10
130.33333333333334,10
130.41666666666666,10
130.5,10
130.58333333333334,10
130.66666666666666,10
130.75,10
130.83333333333334,10
130.91666666666666,10
131.0,10
131.08333333333334,10
131.16666666666666,10
131.25,10
131.33333333333334,10
131.41666666666666,10
131.5,10
131.58333333333334,10
131.66666666666666,10
131.75,10
131.83333333333334,10
131.91666666666666,10
132.0,10
132.08333333333334,10
132.16666666666666,10
132.25,10
132.33333333333334,10
132.41666666666666,10
132.5,10
132.58333333333334,10
132.66666666666666,10
132.75,10
132.83333333333334,10
132.91666666666666,10
133.0,10
133.08333333333334,10
133.16666666666666,10
133.25,10
133.33333333333334,10
133.41666666666666,10
133.5,10
133.58333333333334,10
133.66666666666666,10
133.75,10
133.83333333333334,10
133.91666666666666,10
134.0,10
134.08333333333334,10
134.16666666666666,10
134.25,10
134.33333333333334,10
134.41666666666666,10
134.5,10
134.58333333333334,10
134.66666666666666,10
134.75,10
134.83333333333334,10
134.91666666666666,10
135.0,10
135.08333333333334,10
135.16666666666666,10
135.25,10
135.33333333333334,10
135.41666666666666,10
135.5,10
135.58333333333334,10
135.66666666666666,10
135.75,10
135.83333333333334,10
135.91666666666666,10
136.0,10
136.08333333333334,10
136.16666666666666,10
136.25,10
136.33333333333334,10
136.41666666666666,10
136.5,10
136.58333333333334,10
136.66666666666666,10
136.75,10
136.83333333333334,10
136.91666666666666,10
137.0,10
137.08333333333334,10
137.16666666666666,10
137.25,10
137.33333333333334,10
137.41666666666666,10
137.5,10
137.58333333333334,10
137.66666666666666,10
137.75,10
137.83333333333334,10
137.91666666666666,10
138.0,10
138.08333333333334,10
138.16666666666666,10
138.25,10
138.33333333333334,10
138.41666666666666,10
138.5,10
138.58333333333334,10
138.66666666666666,10
138.75,10
138.83333333333334,10
138.91666666666666,10
139.0,10
139.08333333333334,10
139.16666666666666,10
139.25,10
139.33333333333334,10
139.41666666666666,10
139.5,10
139.58333333333334,10
139.66666666666666,10
139.75,10
139.83333333333334,10
139.91666666666666,10
140.0,10
140.08333333333334,10
140.16666666666666,10
140.25,10
140.33333333333334,10
140.41666666666666,10
140.5,10
140.58333333333334,10
140.66666666666666,10
140.75,10
140.83333333333334,10
140.91666666666666,10
141.0,10
141.08333333333334,10
141.16666666666666,10
141.25,10
141.33333333333334,10
141.41666666666666,10
141.5,10
141.58333333333334,10
141.66666666666666,10
141.75,10
141.83333333333334,10
141.91666666666666,10
142.0,10
142.08333333333334,10
142.16666666666666,10
142.25,10
142.33333333333334,10
142.41666666666666,10
142.5,10
142.58333333333334,10
142.66666666666666,10
142.75,10
142.83333333333334,10
142.91666666666666,10
143.0,10
143.08333333333334,10
143.16666666666666,10
143.25,10
143.33333333333334,10
143.41666666666666,10
143.5,10
143.58333333333334,10
143.66666666666666,10
143.75,10
143.83333333333334,10
143.91666666666666,10
144.0,10
144.08333333333334,10
144.16666666666666,10
144.25,10
144.33333333333334,10
144.41666666666666,10
144.5,10
144.58333333333334,10
144.66666666666666,10
144.75,10
144.83333333333334,10
144.91666666666666,10
145.0,10
145.08333333333334,10
145.16666666666666,10
145.25,10
145.33333333333334,10
145.41666666666666,10
145.5,10
145.58333333333334,10
145.66666666666666,10
145.75,10
145.83333333333334,10
145.91666666666666,10
146.0,10
146.08333333333334,10
146.16666666666666,10
146.25,10
146.33333333333334,10
146.41666666666666,10
146.5,10
146.58333333333334,10
146.66666666666666,10
146.75,10
146.83333333333334,10
146.91666666666666,10
147.0,10
147.08333333333334,10
147.16666666666666,10
147.25,10
147.33333333333334,10
147.41666666666666,10
147.5,10
147.58333333333334,10
147.66666666666666,10
147.75,10
147.83333333333334,10
147.91666666666666,10
148.0,10
148.08333333333334,10
148.16666666666666,10
148.25,10
148.33333333333334,10
148.41666666666666,10
148.5,10
148.58333333333334,10
148.66666666666666,10
148.75,10
148.83333333333334,10
148.91666666666666,10
149.0,10
149.08333333333334,10
149.16666666666666,10
149.25,10
149.33333333333334,10
149.41666666666666,10
149.5,10
149.58333333333334,10
149.66666666666666,10
149.75,10
149.83333333333334,10
149.91666666666666,10
150.0,10
150.08333333333334,10
150.16666666666666,10
150.25,10
150.33333333333334,10
150.41666666666666,10
150.5,10
150.58333333333334,10
150.66666666666666,10
150.75,10
150.83333333333334,10
150.91666666666666,10
151.0,10
151.08333333333334,10
151.16666666666666,10
151.25,10
151.33333333333334,10
151.41666666666666,10
151.5,10
151.58333333333334,10
151.66666666666666,10
151.75,10
151.83333333333334,10
151.91666666666666,10
152.0,10
152.08333333333334,10
152.16666666666666,10
152.25,10
152.33333333333334,10
152.41666666666666,10
152.5,10
152.58333333333334,10
152.66666666666666,10
152.75,10
152.83333333333334,10
152.91666666666666,10
153.0,10
153.08333333333334,10
153.16666666666666,10
153.25,10
153.33333333333334,10
153.41666666666666,10
153.5,10
153.58333333333334,10
153.66666666666666,10
153.75,10
153.83333333333334,10
153.91666666666666,10
154.0,10
154.08333333333334,10
154.16666666666666,10
154.25,10
154.33333333333334,10
154.41666666666666,10
154.5,10
154.58333333333334,10
154.66666666666666,10
154.75,10
154.83333333333334,10
154.91666666666666,10
155.0,10
155.08333333333334,10
155.16666666666666,10
155.25,10
155.33333333333334,10
155.41666666666666,10
155.5,10
155.58333333333334,10
155.66666666666666,10
155.75,10
155.83333333333334,10
155.91666666666666,10
156.0,10
156.08333333333334,10
156.16666666666666,10
156.25,10
156.33333333333334,10
156.41666666666666,10
156.5,10
156.58333333333334,10
156.66666666666666,10
156.75,10
156.83333333333334,10
156.91666666666666,10
157.0,10
157.08333333333334,10
157.16666666666666,10
157.25,10
157.33333333333334,10
157.41666666666666,10
157.5,10
157.58333333333334,10
157.66666666666666,10
157.75,10
157.83333333333334,10
157.91666666666666,10
158.0,10
158.08333333333334,10
158.16666666666666,10
158.25,10
158.33333333333334,10
158.41666666666666,10
158.5,10
158.58333333333334,10
158.66666666666666,10
158.75,10
158.83333333333334,10
158.91666666666666,10
159.0,10
159.08333333333334,10
159.16666666666666,10
159.25,10
159.33333333333334,10
159.41666666666666,10
159.5,10
159.58333333333334,10
159.66666666666666,10
159.75,10
159.83333333333334,10
159.91666666666666,10
160.0,10
160.08333333333334,10
160.16666666666666,10
160.25,10
160.33333333333334,10
160.41666666666666,10
160.5,10
160.58333333333334,10
160.66666666666666,10
160.75,10
160.83333333333334,10
160.91666666666666,10
161.0,10
161.08333333333334,10
161.16666666666666,10
161.25,10
161.33333333333334,10
161.41666666666666,10
161.5,10
161.58333333333334,10
161.66666666666666,10
161.75,10
161.83333333333334,10
161.91666666666666,10
162.0,10
162.08333333333334,10
162.16666666666666,10
162.25,10
162.33333333333334,10
162.41666666666666,10
162.5,10
162.58333333333334,10
162.66666666666666,10
162.75,10
162.83333333333334,10
162.91666666666666,10
163.0,10
163.08333333333334,10
163.16666666666666,10
163.25,10
163.33333333333334,10
163.41666666666666,10
163.5,10
163.58333333333334,10
163.66666666666666,10
163.75,10
163.83333333333334,10
163.91666666666666,10
164.0,10
164.08333333333334,10
164.16666666666666,10
164.25,10
164.33333333333334,10
164.41666666666666,10
164.5,10
164.58333333333334,10
164.66666666666666,10
164.75,10
164.83333333333334,10
164.91666666666666,10
165.0,10
165.08333333333334,10
165.16666666666666,10
165.25,10
165.33333333333334,10
165.41666666666666,10
165.5,10
165.58333333333334,10
165.66666666666666,10
165.75,10
165.83333333333334,10
165.91666666666666,10
166.0,10
166.08333333333334,10
166.16666666666666,10
166.25,10
166.33333333333334,10
166.41666666666666,10
166.5,10
166.58333333333334,10
166.66666666666666,10
166.75,10
166.83333333333334,10
166.91666666666666,10
167.0,10
167.08333333333334,10
167.16666666666666,10
167.25,10
167.33333333333334,10
167.41666666666666,10
167.5,10
167.58333333333334,10
167.66666666666666,10
167.75,10
167.83333333333334,10
167.91666666666666,10
168.0,10
168.08333333333334,10
168.16666666666666,10
168.25,10
168.33333333333334,10
168.41666666666666,10
168.5,10
168.58333333333334,10
168.66666666666666,10
168.75,10
168.83333333333334,10
168.91666666666666,10
169.0,10
169.08333333333334,10
169.16666666666666,10
169.25,10
169.33333333333334,10
169.41666666666666,10
169.5,10
169.58333333333334,10
169.66666666666666,10
169.75,10
169.83333333333334,10
169.91666666666666,10
170.0,10
170.08333333333334,10
170.16666666666666,10
170.25,10
170.33333333333334,10
170.41666666666666,10
170.5,10
170.58333333333334,10
170.66666666666666,10
170.75,10
170.83333333333334,10
170.91666666666666,10
171.0,10
171.08333333333334,10
171.16666666666666,10
171.25,10
171.33333333333334,10
171.41666666666666,10
171.5,10
171.58333333333334,10
171.66666666666666,10
171.75,10
171.83333333333334,10
171.91666666666666,10
172.0,10
172.08333333333334,10
172.16666666666666,10
172.25,10
172.33333333333334,10
172.41666666666666,10
172.5,10
172.58333333333334,10
172.66666666666666,10
172.75,10
172.83333333333334,10
172.91666666666666,10
173.0,10
173.08333333333334,10
173.16666666666666,10
173.25,10
173.33333333333334,10
173.41666666666666,10
173.5,10
173.58333333333334,10
173.66666666666666,10
173.75,10
173.83333333333334,10
173.91666666666666,10
174.0,10
174.08333333333334,10
174.16666666666666,10
174.25,10
174.33333333333334,10
174.41666666666666,10
174.5,10
174.58333333333334,10
174.66666666666666,10
174.75,10
174.83333333333334,10
174.91666666666666,10
175.0,10
175.08333333333334,10
175.16666666666666,10
175.25,10
175.33333333333334,10
175.41666666666666,10
175.5,10
175.58333333333334,10
175.66666666666666,10
175.75,10
175.83333333333334,10
175.91666666666666,10
176.0,50
176.08333333333334,50
176.16666666666666,50
176.25,50
176.33333333333334,50
176.41666666666666,50
176.5,50
176.58333333333334,50
176.66666666666666,50
176.75,50
176.83333333333334,50
176.91666666666666,50
177.0,50
177.08333333333334,50
177.16666666666666,50
177.25,50
177.33333333333334,50
177.41666666666666,50
177.5,50
177.58333333333334,50
177.66666666666666,50
177.75,50
177.83333333333334,50
177.91666666666666,50
178.0,50
178.08333333333334,50
178.16666666666666,50
178.25,50
178.33333333333334,50
178.41666666666666,50
178.5,50
178.58333333333334,50
178.66666666666666,50
178.75,50
178.83333333333334,50
178.91666666666666,50
179.0,50
179.08333333333334,50
179.16666666666666,50
179.25,50
179.33333333333334,50
179.41666666666666,50
179.5,50
179.58333333333334,50
179.66666666666666,50
179.75,50
179.83333333333334,50
179.91666666666666,50
180.0,50
180.08333333333334,50
180.16666666666666,50
180.25,50
180.33333333333334,50
180.41666666666666,50
180.5,50
180.58333333333334,50
180.66666666666666,50
180.75,50
180.83333333333334,50
180.91666666666666,50
181.0,50
181.08333333333334,50
181.16666666666666,50
181.25,50
181.33333333333334,50
181.41666666666666,50
181.5,50
181.58333333333334,50
181.66666666666666,50
181.75,50
181.83333333333334,50
181.91666666666666,50
182.0,50
182.08333333333334,50
182.16666666666666,50
182.25,50
182.33333333333334,50
182.41666666666666,50
182.5,50
182.58333333333334,50
182.66666666666666,50
182.75,50
182.83333333333334,50
182.91666666666666,50
183.0,50
183.08333333333334,50
183.16666666666666,50
183.25,50
183.33333333333334,50
183.41666666666666,50
183.5,50
183.58333333333334,50
183.66666666666666,50
183.75,50
183.83333333333334,50
183.91666666666666,50
184.0,50
184.08333333333334,50
184.16666666666666,50
184.25,50
184.33333333333334,50
184.41666666666666,50
184.5,50
184.58333333333334,50
184.66666666666666,50
184.75,50
184.83333333333334,50
184.91666666666666,50
185.0,10
185.08333333333334,10
185.16666666666666,10
185.25,10
185.33333333333334,10
185.41666666666666,10
185.5,10
185.58333333333334,10
185.66666666666666,10
185.75,10
185.83333333333334,10
185.91666666666666,10
186.0,10
186.08333333333334,10
186.16666666666666,10
186.25,10
186.33333333333334,10
186.41666666666666,10
186.5,10
186.58333333333334,10
186.66666666666666,10
186.75,10
186.83333333333334,10
186.91666666666666,10
187.0,10
187.08333333333334,10
187.16666666666666,10
187.25,10
187.33333333333334,10
187.41666666666666,10
187.5,10
187.58333333333334,10
187.66666666666666,10
187.75,10
187.83333333333334,10
187.91666666666666,10
188.0,10
188.08333333333334,10
188.16666666666666,10
188.25,10
188.33333333333334,10
188.41666666666666,10
188.5,10
188.58333333333334,10
188.66666666666666,10
188.75,10
188.83333333333334,10
188.91666666666666,10
189.0,10
189.08333333333334,10
189.16666666666666,10
189.25,10
189.33333333333334,10
189.41666666666666,10
189.5,10
189.58333333333334,10
189.66666666666666,10
189.75,10
189.83333333333334,10
189.91666666666666,10
190.0,10
190.08333333333334,10
190.16666666666666,10
190.25,10
190.33333333333334,10
190.41666666666666,10
190.5,10
190.58333333333334,10
190.66666666666666,10
190.75,10
190.83333333333334,10
190.91666666666666,10
191.0,10
191.08333333333334,10
191.16666666666666,10
191.25,10
191.33333333333334,10
191.41666666666666,10
191.5,10
191.58333333333334,10
191.66666666666666,10
191.75,10
191.83333333333334,10
191.91666666666666,10
192.0,10
192.08333333333334,10
192.16666666666666,10
192.25,10
192.33333333333334,10
192.41666666666666,10
192.5,10
192.58333333333334,10
192.66666666666666,10
192.75,10
192.83333333333334,10
192.91666666666666,10
193.0,10
193.08333333333334,10
193.16666666666666,10
193.25,10
193.33333333333334,10
193.41666666666666,10
193.5,10
193.58333333333334,10
193.66666666666666,10
193.75,10
193.83333333333334,10
193.91666666666666,10
194.0,10
194.08333333333334,10
194.16666666666666,10
194.25,10
194.33333333333334,10
194.41666666666666,10
194.5,10
194.58333333333334,10
194.66666666666666,10
194.75,10
194.83333333333334,10
194.91666666666666,10
195.0,10
195.08333333333334,10
195.16666666666666,10
195.25,10
195.33333333333334,10
195.41666666666666,10
195.5,10
195.58333333333334,10
195.66666666666666,10
195.75,10
195.83333333333334,10
195.91666666666666,10
196.0,10
196.08333333333334,10
196.16666666666666,10
196.25,10
196.33333333333334,10
196.41666666666666,10
196.5,10
196.58333333333334,10
196.66666666666666,10
196.75,10
196.83333333333334,10
196.91666666666666,10
197.0,10
197.08333333333334,10
197.16666666666666,10
197.25,10
197.33333333333334,10
197.41666666666666,10
197.5,10
197.58333333333334,10
197.66666666666666,10
197.75,10
197.83333333333334,10
197.91666666666666,10
198.0,10
198.08333333333334,10
198.16666666666666,10
198.25,10
198.33333333333334,10
198.41666666666666,10
198.5,10
198.58333333333334,10
198.66666666666666,10
198.75,10
198.83333333333334,10
198.91666666666666,10
199.0,10
199.08333333333334,10
199.16666666666666,10
199.25,10
199.33333333333334,10
199.41666666666666,10
199.5,10
199.58333333333334,10
199.66666666666666,10
199.75,10
199.83333333333334,10
199.91666666666666,10
200.0,50
200.08333333333334,50
200.16666666666666,50
200.25,50
200.33333333333334,50
200.41666666666666,50
200.5,50
200.58333333333334,50
200.66666666666666,50
200.75,50
200.83333333333334,50
200.91666666666666,50
201.0,50
201.08333333333334,50
201.16666666666666,50
201.25,50
201.33333333333334,50
201.41666666666666,50
201.5,50
201.58333333333334,50
201.66666666666666,50
201.75,50
201.83333333333334,50
201.91666666666666,50
202.0,50
202.08333333333334,50
202.16666666666666,50
202.25,50
202.33333333333334,50
202.41666666666666,50
202.5,50
202.58333333333334,50
202.66666666666666,50
202.75,50
202.83333333333334,50
202.91666666666666,50
203.0,50
203.08333333333334,50
203.16666666666666,50
203.25,50
203.33333333333334,50
203.41666666666666,50
203.5,50
203.58333333333334,50
203.66666666666666,50
203.75,50
203.83333333333334,50
203.91666666666666,50
204.0,50
204.08333333333334,50
204.16666666666666,50
204.25,50
204.33333333333334,50
204.41666666666666,50
204.5,50
204.58333333333334,50
204.66666666666666,50
204.75,50
204.83333333333334,50
204.91666666666666,50
205.0,50
205.08333333333334,50
205.16666666666666,50
205.25,50
205.33333333333334,50
205.41666666666666,50
205.5,50
205.58333333333334,50
205.66666666666666,50
205.75,50
205.83333333333334,50
205.91666666666666,50
206.0,50
206.08333333333334,50
206.16666666666666,50
206.25,50
206.33333333333334,50
206.41666666666666,50
206.5,50
206.58333333333334,50
206.66666666666666,50
206.75,50
206.83333333333334,50
206.91666666666666,50
207.0,50
207.08333333333334,50
207.16666666666666,50
207.25,50
207.33333333333334,50
207.41666666666666,50
207.5,50
207.58333333333334,50
207.66666666666666,50
207.75,50
207.83333333333334,50
207.91666666666666,50
208.0,50
208.08333333333334,50
208.16666666666666,50
208.25,50
208.33333333333334,50
208.41666666666666,50
208.5,50
208.58333333333334,50
208.66666666666666,50
208.75,50
208.83333333333334,50
208.91666666666666,50
209.0,10
209.08333333333334,10
209.16666666666666,10
209.25,10
209.33333333333334,10
209.41666666666666,10
209.5,10
209.58333333333334,10
209.66666666666666,10
209.75,10
209.83333333333334,10
209.91666666666666,10
210.0,10
210.08333333333334,10
210.16666666666666,10
210.25,10
210.33333333333334,10
210.41666666666666,10
210.5,10
210.58333333333334,10
210.66666666666666,10
210.75,10
210.83333333333334,10
210.91666666666666,10
211.0,10
211.08333333333334,10
211.16666666666666,10
211.25,10
211.33333333333334,10
211.41666666666666,10
211.5,10
211.58333333333334,10
211.66666666666666,10
211.75,10
211.83333333333334,10
211.91666666666666,10
212.0,10
212.08333333333334,10
212.16666666666666,10
212.25,10
212.33333333333334,10
212.41666666666666,10
212.5,10
212.58333333333334,10
212.66666666666666,10
212.75,10
212.83333333333334,10
212.91666666666666,10
213.0,10
213.08333333333334,10
213.16666666666666,10
213.25,10
213.33333333333334,10
213.41666666666666,10
213.5,10
213.58333333333334,10
213.66666666666666,10
213.75,10
213.83333333333334,10
213.91666666666666,10
214.0,10
214.08333333333334,10
214.16666666666666,10
214.25,10
214.33333333333334,10
214.41666666666666,10
214.5,10
214.58333333333334,10
214.66666666666666,10
214.75,10
214.83333333333334,10
214.91666666666666,10
215.0,10
215.08333333333334,10
215.16666666666666,10
215.25,10
215.33333333333334,10
215.41666666666666,10
215.5,10
215.58333333333334,10
215.66666666666666,10
215.75,10
215.83333333333334,10
215.91666666666666,10
216.0,10
216.08333333333334,10
216.16666666666666,10
216.25,10
216.33333333333334,10
216.41666666666666,10
216.5,10
216.58333333333334,10
216.66666666666666,10
216.75,10
216.83333333333334,10
216.91666666666666,10
217.0,10
217.08333333333334,10
217.16666666666666,10
217.25,10
217.33333333333334,10
217.41666666666666,10
217.5,10
217.58333333333334,10
217.66666666666666,10
217.75,10
217.83333333333334,10
217.91666666666666,10
218.0,10
218.08333333333334,10
218.16666666666666,10
218.25,10
218.33333333333334,10
218.41666666666666,10
218.5,10
218.58333333333334,10
218.66666666666666,10
218.75,10
218.83333333333334,10
218.91666666666666,10
219.0,10
219.08333333333334,10
219.16666666666666,10
219.25,10
219.33333333333334,10
219.41666666666666,10
219.5,10
219.58333333333334,10
219.66666666666666,10
219.75,10
219.83333333333334,10
219.91666666666666,10
220.0,10
220.08333333333334,10
220.16666666666666,10
220.25,10
220.33333333333334,10
220.41666666666666,10
220.5,10
220.58333333333334,10
220.66666666666666,10
220.75,10
220.83333333333334,10
220.91666666666666,10
221.0,10
221.08333333333334,10
221.16666666666666,10
221.25,10
221.33333333333334,10
221.41666666666666,10
221.5,10
221.58333333333334,10
221.66666666666666,10
221.75,10
221.83333333333334,10
221.91666666666666,10
222.0,10
222.08333333333334,10
222.16666666666666,10
222.25,10
222.33333333333334,10
222.41666666666666,10
222.5,10
222.58333333333334,10
222.66666666666666,10
222.75,10
222.83333333333334,10
222.91666666666666,10
223.0,10
223.08333333333334,10
223.16666666666666,10
223.25,10
223.33333333333334,10
223.41666666666666,10
223.5,10
223.58333333333334,10
223.66666666666666,10
223.75,10
223.83333333333334,10
223.91666666666666,10
224.0,50
224.08333333333334,50
224.16666666666666,50
224.25,50
224.33333333333334,50
224.41666666666666,50
224.5,50
224.58333333333334,50
224.66666666666666,50
224.75,50
224.83333333333334,50
224.91666666666666,50
225.0,50
225.08333333333334,50
225.16666666666666,50
225.25,50
225.33333333333334,50
225.41666666666666,50
225.5,50
225.58333333333334,50
225.66666666666666,50
225.75,50
225.83333333333334,50
225.91666666666666,50
226.0,50
226.08333333333334,50
226.16666666666666,50
226.25,50
226.33333333333334,50
226.41666666666666,50
226.5,50
226.58333333333334,50
226.66666666666666,50
226.75,50
226.83333333333334,50
226.91666666666666,50
227.0,50
227.08333333333334,50
227.16666666666666,50
227.25,50
227.33333333333334,50
227.41666666666666,50
227.5,50
227.58333333333334,50
227.66666666666666,50
227.75,50
227.83333333333334,50
227.91666666666666,50
228.0,50
228.08333333333334,50
228.16666666666666,50
228.25,50
228.33333333333334,50
228.41666666666666,50
228.5,50
228.58333333333334,50
228.66666666666666,50
228.75,50
228.83333333333334,50
228.91666666666666,50
229.0,50
229.08333333333334,50
229.16666666666666,50
229.25,50
229.33333333333334,50
229.41666666666666,50
229.5,50
229.58333333333334,50
229.66666666666666,50
229.75,50
229.83333333333334,50
229.91666666666666,50
230.0,50
230.08333333333334,50
230.16666666666666,50
230.25,50
230.33333333333334,50
230.41666666666666,50
230.5,50
230.58333333333334,50
230.66666666666666,50
230.75,50
230.83333333333334,50
230.91666666666666,50
231.0,50
231.08333333333334,50
231.16666666666666,50
231.25,50
231.33333333333334,50
231.41666666666666,50
231.5,50
231.58333333333334,50
231.66666666666666,50
231.75,50
231.83333333333334,50
231.91666666666666,50
232.0,50
232.08333333333334,50
232.16666666666666,50
232.25,50
232.33333333333334,50
232.41666666666666,50
232.5,50
232.58333333333334,50
232.66666666666666,50
232.75,50
232.83333333333334,50
232.91666666666666,50
233.0,10
233.08333333333334,10
233.16666666666666,10
233.25,10
233.33333333333334,10
233.41666666666666,10
233.5,10
233.58333333333334,10
233.66666666666666,10
233.75,10
233.83333333333334,10
233.91666666666666,10
234.0,10
234.08333333333334,10
234.16666666666666,10
234.25,10
234.33333333333334,10
234.41666666666666,10
234.5,10
234.58333333333334,10
234.66666666666666,10
234.75,10
234.83333333333334,10
234.91666666666666,10
235.0,10
235.08333333333334,10
235.16666666666666,10
235.25,10
235.33333333333334,10
235.41666666666666,10
235.5,10
235.58333333333334,10
235.66666666666666,10
235.75,10
235.83333333333334,10
235.91666666666666,10
236.0,10
236.08333333333334,10
236.16666666666666,10
236.25,10
236.33333333333334,10
236.41666666666666,10
236.5,10
236.58333333333334,10
236.66666666666666,10
236.75,10
236.83333333333334,10
236.91666666666666,10
237.0,10
237.08333333333334,10
237.16666666666666,10
237.25,10
237.33333333333334,10
237.41666666666666,10
237.5,10
237.58333333333334,10
237.66666666666666,10
237.75,10
237.83333333333334,10
237.91666666666666,10
238.0,10
238.08333333333334,10
238.16666666666666,10
238.25,10
238.33333333333334,10
238.41666666666666,10
238.5,10
238.58333333333334,10
238.66666666666666,10
238.75,10
238.83333333333334,10
238.91666666666666,10
239.0,10
239.08333333333334,10
239.16666666666666,10
239.25,10
239.33333333333334,10
239.41666666666666,10
239.5,10
239.58333333333334,10
239.66666666666666,10
239.75,10
239.83333333333334,10
239.91666666666666,10
240.0,10
240.08333333333334,10
240.16666666666666,10
240.25,10
240.33333333333334,10
240.41666666666666,10
240.5,10
240.58333333333334,10
240.66666666666666,10
240.75,10
240.83333333333334,10
240.91666666666666,10
241.0,10
241.08333333333334,10
241.16666666666666,10
241.25,10
241.33333333333334,10
241.41666666666666,10
241.5,10
241.58333333333334,10
241.66666666666666,10
241.75,10
241.83333333333334,10
241.91666666666666,10
242.0,10
242.08333333333334,10
242.16666666666666,10
242.25,10
242.33333333333334,10
242.41666666666666,10
242.5,10
242.58333333333334,10
242.66666666666666,10
242.75,10
242.83333333333334,10
242.91666666666666,10
243.0,10
243.08333333333334,10
243.16666666666666,10
243.25,10
243.33333333333334,10
243.41666666666666,10
243.5,10
243.58333333333334,10
243.66666666666666,10
243.75,10
243.83333333333334,10
243.91666666666666,10
244.0,10
244.08333333333334,10
244.16666666666666,10
244.25,10
244.33333333333334,10
244.41666666666666,10
244.5,10
244.58333333333334,10
244.66666666666666,10
244.75,10
244.83333333333334,10
244.91666666666666,10
245.0,10
245.08333333333334,10
245.16666666666666,10
245.25,10
245.33333333333334,10
245.41666666666666,10
245.5,10
245.58333333333334,10
245.66666666666666,10
245.75,10
245.83333333333334,10
245.91666666666666,10
246.0,10
246.08333333333334,10
246.16666666666666,10
246.25,10
246.33333333333334,10
246.41666666666666,10
246.5,10
246.58333333333334,10
246.66666666666666,10
246.75,10
246.83333333333334,10
246.91666666666666,10
247.0,10
247.08333333333334,10
247.16666666666666,10
247.25,10
247.33333333333334,10
247.41666666666666,10
247.5,10
247.58333333333334,10
247.66666666666666,10
247.75,10
247.83333333333334,10
247.91666666666666,10
248.0,50
248.08333333333334,50
248.16666666666666,50
248.25,50
248.33333333333334,50
248.41666666666666,50
248.5,50
248.58333333333334,50
248.66666666666666,50
248.75,50
248.83333333333334,50
248.91666666666666,50
249.0,50
249.08333333333334,50
249.16666666666666,50
249.25,50
249.33333333333334,50
249.41666666666666,50
249.5,50
249.58333333333334,50
249.66666666666666,50
249.75,50
249.83333333333334,50
249.91666666666666,50
250.0,50
250.08333333333334,50
250.16666666666666,50
250.25,50
250.33333333333334,50
250.41666666666666,50
250.5,50
250.58333333333334,50
250.66666666666666,50
250.75,50
250.83333333333334,50
250.91666666666666,50
251.0,50
251.08333333333334,50
251.16666666666666,50
251.25,50
251.33333333333334,50
251.41666666666666,50
251.5,50
251.58333333333334,50
251.66666666666666,50
251.75,50
251.83333333333334,50
251.91666666666666,50
252.0,50
252.08333333333334,50
252.16666666666666,50
252.25,50
252.33333333333334,50
252.41666666666666,50
252.5,50
252.58333333333334,50
252.66666666666666,50
252.75,50
252.83333333333334,50
252.91666666666666,50
253.0,50
253.08333333333334,50
253.16666666666666,50
253.25,50
253.33333333333334,50
253.41666666666666,50
253.5,50
253.58333333333334,50
253.66666666666666,50
253.75,50
253.83333333333334,50
253.91666666666666,50
254.0,50
254.08333333333334,50
254.16666666666666,50
254.25,50
254.33333333333334,50
254.41666666666666,50
254.5,50
254.58333333333334,50
254.66666666666666,50
254.75,50
254.83333333333334,50
254.91666666666666,50
255.0,50
255.08333333333334,50
255.16666666666666,50
255.25,50
255.33333333333334,50
255.41666666666666,50
255.5,50
255.58333333333334,50
255.66666666666666,50
255.75,50
255.83333333333334,50
255.91666666666666,50
256.0,50
256.0833333333333,50
256.1666666666667,50
256.25,50
256.3333333333333,50
256.4166666666667,50
256.5,50
256.5833333333333,50
256.6666666666667,50
256.75,50
256.8333333333333,50
256.9166666666667,50
257.0,10
257.0833333333333,10
257.1666666666667,10
257.25,10
257.3333333333333,10
257.4166666666667,10
257.5,10
257.5833333333333,10
257.6666666666667,10
257.75,10
257.8333333333333,10
257.9166666666667,10
258.0,10
258.0833333333333,10
258.1666666666667,10
258.25,10
258.3333333333333,10
258.4166666666667,10
258.5,10
258.5833333333333,10
258.6666666666667,10
258.75,10
258.8333333333333,10
258.9166666666667,10
259.0,10
259.0833333333333,10
259.1666666666667,10
259.25,10
259.3333333333333,10
259.4166666666667,10
259.5,10
259.5833333333333,10
259.6666666666667,10
259.75,10
259.8333333333333,10
259.9166666666667,10
260.0,10
260.0833333333333,10
260.1666666666667,10
260.25,10
260.3333333333333,10
260.4166666666667,10
260.5,10
260.5833333333333,10
260.6666666666667,10
260.75,10
260.8333333333333,10
260.9166666666667,10
261.0,10
261.0833333333333,10
261.1666666666667,10
261.25,10
261.3333333333333,10
261.4166666666667,10
261.5,10
261.5833333333333,10
261.6666666666667,10
261.75,10
261.8333333333333,10
261.9166666666667,10
262.0,10
262.0833333333333,10
262.1666666666667,10
262.25,10
262.3333333333333,10
262.4166666666667,10
262.5,10
262.5833333333333,10
262.6666666666667,10
262.75,10
262.8333333333333,10
262.9166666666667,10
263.0,10
263.0833333333333,10
263.1666666666667,10
263.25,10
263.3333333333333,10
263.4166666666667,10
263.5,10
263.5833333333333,10
263.6666666666667,10
263.75,10
263.8333333333333,10
263.9166666666667,10
264.0,10
264.0833333333333,10
264.1666666666667,10
264.25,10
264.3333333333333,10
264.4166666666667,10
264.5,10
264.5833333333333,10
264.6666666666667,10
264.75,10
264.8333333333333,10
264.9166666666667,10
265.0,10
265.0833333333333,10
265.1666666666667,10
265.25,10
265.3333333333333,10
265.4166666666667,10
265.5,10
265.5833333333333,10
265.6666666666667,10
265.75,10
265.8333333333333,10
265.9166666666667,10
266.0,10
266.0833333333333,10
266.1666666666667,10
266.25,10
266.3333333333333,10
266.4166666666667,10
266.5,10
266.5833333333333,10
266.6666666666667,10
266.75,10
266.8333333333333,10
266.9166666666667,10
267.0,10
267.0833333333333,10
267.1666666666667,10
267.25,10
267.3333333333333,10
267.4166666666667,10
267.5,10
267.5833333333333,10
267.6666666666667,10
267.75,10
267.8333333333333,10
267.9166666666667,10
268.0,10
268.0833333333333,10
268.1666666666667,10
268.25,10
268.3333333333333,10
268.4166666666667,10
268.5,10
268.5833333333333,10
268.6666666666667,10
268.75,10
268.8333333333333,10
268.9166666666667,10
269.0,10
269.0833333333333,10
269.1666666666667,10
269.25,10
269.3333333333333,10
269.4166666666667,10
269.5,10
269.5833333333333,10
269.6666666666667,10
269.75,10
269.8333333333333,10
269.9166666666667,10
270.0,10
270.0833333333333,10
270.1666666666667,10
270.25,10
270.3333333333333,10
270.4166666666667,10
270.5,10
270.5833333333333,10
270.6666666666667,10
270.75,10
270.8333333333333,10
270.9166666666667,10
271.0,10
271.0833333333333,10
271.1666666666667,10
271.25,10
271.3333333333333,10
271.4166666666667,10
271.5,10
271.5833333333333,10
271.6666666666667,10
271.75,10
271.8333333333333,10
271.9166666666667,10
272.0,50
272.0833333333333,50
272.1666666666667,50
272.25,50
272.3333333333333,50
272.4166666666667,50
272.5,50
272.5833333333333,50
272.6666666666667,50
272.75,50
272.8333333333333,50
272.9166666666667,50
273.0,50
273.0833333333333,50
273.1666666666667,50
273.25,50
273.3333333333333,50
273.4166666666667,50
273.5,50
273.5833333333333,50
273.6666666666667,50
273.75,50
273.8333333333333,50
273.9166666666667,50
274.0,50
274.0833333333333,50
274.1666666666667,50
274.25,50
274.3333333333333,50
274.4166666666667,50
274.5,50
274.5833333333333,50
274.6666666666667,50
274.75,50
274.8333333333333,50
274.9166666666667,50
275.0,50
275.0833333333333,50
275.1666666666667,50
275.25,50
275.3333333333333,50
275.4166666666667,50
275.5,50
275.5833333333333,50
275.6666666666667,50
275.75,50
275.8333333333333,50
275.9166666666667,50
276.0,50
276.0833333333333,50
276.1666666666667,50
276.25,50
276.3333333333333,50
276.4166666666667,50
276.5,50
276.5833333333333,50
276.6666666666667,50
276.75,50
276.8333333333333,50
276.9166666666667,50
277.0,50
277.0833333333333,50
277.1666666666667,50
277.25,50
277.3333333333333,50
277.4166666666667,50
277.5,50
277.5833333333333,50
277.6666666666667,50
277.75,50
277.8333333333333,50
277.9166666666667,50
278.0,50
278.0833333333333,50
278.1666666666667,50
278.25,50
278.3333333333333,50
278.4166666666667,50
278.5,50
278.5833333333333,50
278.6666666666667,50
278.75,50
278.8333333333333,50
278.9166666666667,50
279.0,50
279.0833333333333,50
279.1666666666667,50
279.25,50
279.3333333333333,50
279.4166666666667,50
279.5,50
279.5833333333333,50
279.6666666666667,50
279.75,50
279.8333333333333,50
279.9166666666667,50
280.0,50
280.0833333333333,50
280.1666666666667,50
280.25,50
280.3333333333333,50
280.4166666666667,50
280.5,50
280.5833333333333,50
280.6666666666667,50
280.75,50
280.8333333333333,50
280.9166666666667,50
281.0,10
281.0833333333333,10
281.1666666666667,10
281.25,10
281.3333333333333,10
281.4166666666667,10
281.5,10
281.5833333333333,10
281.6666666666667,10
281.75,10
281.8333333333333,10
281.9166666666667,10
282.0,10
282.0833333333333,10
282.1666666666667,10
282.25,10
282.3333333333333,10
282.4166666666667,10
282.5,10
282.5833333333333,10
282.6666666666667,10
282.75,10
282.8333333333333,10
282.9166666666667,10
283.0,10
283.0833333333333,10
283.1666666666667,10
283.25,10
283.3333333333333,10
283.4166666666667,10
283.5,10
283.5833333333333,10
283.6666666666667,10
283.75,10
283.8333333333333,10
283.9166666666667,10
284.0,10
284.0833333333333,10
284.1666666666667,10
284.25,10
284.3333333333333,10
284.4166666666667,10
284.5,10
284.5833333333333,10
284.6666666666667,10
284.75,10
284.8333333333333,10
284.9166666666667,10
285.0,10
285.0833333333333,10
285.1666666666667,10
285.25,10
285.3333333333333,10
285.4166666666667,10
285.5,10
285.5833333333333,10
285.6666666666667,10
285.75,10
285.8333333333333,10
285.9166666666667,10
286.0,10
286.0833333333333,10
286.1666666666667,10
286.25,10
286.3333333333333,10
286.4166666666667,10
286.5,10
286.5833333333333,10
286.6666666666667,10
286.75,10
286.8333333333333,10
286.9166666666667,10
287.0,10
287.0833333333333,10
287.1666666666667,10
287.25,10
287.3333333333333,10
287.4166666666667,10
287.5,10
287.5833333333333,10
287.6666666666667,10
287.75,10
287.8333333333333,10
287.9166666666667,10
288.0,10
288.0833333333333,10
288.1666666666667,10
288.25,10
288.3333333333333,10
288.4166666666667,10
288.5,10
288.5833333333333,10
288.6666666666667,10
288.75,10
288.8333333333333,10
288.9166666666667,10
289.0,10
289.0833333333333,10
289.1666666666667,10
289.25,10
289.3333333333333,10
289.4166666666667,10
289.5,10
289.5833333333333,10
289.6666666666667,10
289.75,10
289.8333333333333,10
289.9166666666667,10
290.0,10
290.0833333333333,10
290.1666666666667,10
290.25,10
290.3333333333333,10
290.4166666666667,10
290.5,10
290.5833333333333,10
290.6666666666667,10
290.75,10
290.8333333333333,10
290.9166666666667,10
291.0,10
291.0833333333333,10
291.1666666666667,10
291.25,10
291.3333333333333,10
291.4166666666667,10
291.5,10
291.5833333333333,10
291.6666666666667,10
291.75,10
291.8333333333333,10
291.9166666666667,10
292.0,10
292.0833333333333,10
292.1666666666667,10
292.25,10
292.3333333333333,10
292.4166666666667,10
292.5,10
292.5833333333333,10
292.6666666666667,10
292.75,10
292.8333333333333,10
292.9166666666667,10
293.0,10
293.0833333333333,10
293.1666666666667,10
293.25,10
293.3333333333333,10
293.4166666666667,10
293.5,10
293.5833333333333,10
293.6666666666667,10
293.75,10
293.8333333333333,10
293.9166666666667,10
294.0,10
294.0833333333333,10
294.1666666666667,10
294.25,10
294.3333333333333,10
294.4166666666667,10
294.5,10
294.5833333333333,10
294.6666666666667,10
294.75,10
294.8333333333333,10
294.9166666666667,10
295.0,10
295.0833333333333,10
295.1666666666667,10
295.25,10
295.3333333333333,10
295.4166666666667,10
295.5,10
295.5833333333333,10
295.6666666666667,10
295.75,10
295.8333333333333,10
295.9166666666667,10
296.0,10
296.0833333333333,10
296.1666666666667,10
296.25,10
296.3333333333333,10
296.4166666666667,10
296.5,10
296.5833333333333,10
296.6666666666667,10
296.75,10
296.8333333333333,10
296.9166666666667,10
297.0,10
297.0833333333333,10
297.1666666666667,10
297.25,10
297.3333333333333,10
297.4166666666667,10
297.5,10
297.5833333333333,10
297.6666666666667,10
297.75,10
297.8333333333333,10
297.9166666666667,10
298.0,10
298.0833333333333,10
298.1666666666667,10
298.25,10
298.3333333333333,10
298.4166666666667,10
298.5,10
298.5833333333333,10
298.6666666666667,10
298.75,10
298.8333333333333,10
298.9166666666667,10
299.0,10
299.0833333333333,10
299.1666666666667,10
299.25,10
299.3333333333333,10
299.4166666666667,10
299.5,10
299.5833333333333,10
299.6666666666667,10
299.75,10
299.8333333333333,10
299.9166666666667,10
300.0,10
300.0833333333333,10
300.1666666666667,10
300.25,10
300.3333333333333,10
300.4166666666667,10
300.5,10
300.5833333333333,10
300.6666666666667,10
300.75,10
300.8333333333333,10
300.9166666666667,10
301.0,10
301.0833333333333,10
301.1666666666667,10
301.25,10
301.3333333333333,10
301.4166666666667,10
301.5,10
301.5833333333333,10
301.6666666666667,10
301.75,10
301.8333333333333,10
301.9166666666667,10
302.0,10
302.0833333333333,10
302.1666666666667,10
302.25,10
302.3333333333333,10
302.4166666666667,10
302.5,10
302.5833333333333,10
302.6666666666667,10
302.75,10
302.8333333333333,10
302.9166666666667,10
303.0,10
303.0833333333333,10
303.1666666666667,10
303.25,10
303.3333333333333,10
303.4166666666667,10
303.5,10
303.5833333333333,10
303.6666666666667,10
303.75,10
303.8333333333333,10
303.9166666666667,10
304.0,10
304.0833333333333,10
304.1666666666667,10
304.25,10
304.3333333333333,10
304.4166666666667,10
304.5,10
304.5833333333333,10
304.6666666666667,10
304.75,10
304.8333333333333,10
304.9166666666667,10
305.0,10
305.0833333333333,10
305.1666666666667,10
305.25,10
305.3333333333333,10
305.4166666666667,10
305.5,10
305.5833333333333,10
305.6666666666667,10
305.75,10
305.8333333333333,10
305.9166666666667,10
306.0,10
306.0833333333333,10
306.1666666666667,10
306.25,10
306.3333333333333,10
306.4166666666667,10
306.5,10
306.5833333333333,10
306.6666666666667,10
306.75,10
306.8333333333333,10
306.9166666666667,10
307.0,10
307.0833333333333,10
307.1666666666667,10
307.25,10
307.3333333333333,10
307.4166666666667,10
307.5,10
307.5833333333333,10
307.6666666666667,10
307.75,10
307.8333333333333,10
307.9166666666667,10
308.0,10
308.0833333333333,10
308.1666666666667,10
308.25,10
308.3333333333333,10
308.4166666666667,10
308.5,10
308.5833333333333,10
308.6666666666667,10
308.75,10
308.8333333333333,10
308.9166666666667,10
309.0,10
309.0833333333333,10
309.1666666666667,10
309.25,10
309.3333333333333,10
309.4166666666667,10
309.5,10
309.5833333333333,10
309.6666666666667,10
309.75,10
309.8333333333333,10
309.9166666666667,10
310.0,10
310.0833333333333,10
310.1666666666667,10
310.25,10
310.3333333333333,10
310.4166666666667,10
310.5,10
310.5833333333333,10
310.6666666666667,10
310.75,10
310.8333333333333,10
310.9166666666667,10
311.0,10
311.0833333333333,10
311.1666666666667,10
311.25,10
311.3333333333333,10
311.4166666666667,10
311.5,10
311.5833333333333,10
311.6666666666667,10
311.75,10
311.8333333333333,10
311.9166666666667,10
312.0,10
312.0833333333333,10
312.1666666666667,10
312.25,10
312.3333333333333,10
312.4166666666667,10
312.5,10
312.5833333333333,10
312.6666666666667,10
312.75,10
312.8333333333333,10
312.9166666666667,10
313.0,10
313.0833333333333,10
313.1666666666667,10
313.25,10
313.3333333333333,10
313.4166666666667,10
313.5,10
313.5833333333333,10
313.6666666666667,10
313.75,10
313.8333333333333,10
313.9166666666667,10
314.0,10
314.0833333333333,10
314.1666666666667,10
314.25,10
314.3333333333333,10
314.4166666666667,10
314.5,10
314.5833333333333,10
314.6666666666667,10
314.75,10
314.8333333333333,10
314.9166666666667,10
315.0,10
315.0833333333333,10
315.1666666666667,10
315.25,10
315.3333333333333,10
315.4166666666667,10
315.5,10
315.5833333333333,10
315.6666666666667,10
315.75,10
315.8333333333333,10
315.9166666666667,10
316.0,10
316.0833333333333,10
316.1666666666667,10
316.25,10
316.3333333333333,10
316.4166666666667,10
316.5,10
316.5833333333333,10
316.6666666666667,10
316.75,10
316.8333333333333,10
316.9166666666667,10
317.0,10
317.0833333333333,10
317.1666666666667,10
317.25,10
317.3333333333333,10
317.4166666666667,10
317.5,10
317.5833333333333,10
317.6666666666667,10
317.75,10
317.8333333333333,10
317.9166666666667,10
318.0,10
318.0833333333333,10
318.1666666666667,10
318.25,10
318.3333333333333,10
318.4166666666667,10
318.5,10
318.5833333333333,10
318.6666666666667,10
318.75,10
318.8333333333333,10
318.9166666666667,10
319.0,10
319.0833333333333,10
319.1666666666667,10
319.25,10
319.3333333333333,10
319.4166666666667,10
319.5,10
319.5833333333333,10
319.6666666666667,10
319.75,10
319.8333333333333,10
319.9166666666667,10
320.0,10
320.0833333333333,10
320.1666666666667,10
320.25,10
320.3333333333333,10
320.4166666666667,10
320.5,10
320.5833333333333,10
320.6666666666667,10
320.75,10
320.8333333333333,10
320.9166666666667,10
321.0,10
321.0833333333333,10
321.1666666666667,10
321.25,10
321.3333333333333,10
321.4166666666667,10
321.5,10
321.5833333333333,10
321.6666666666667,10
321.75,10
321.8333333333333,10
321.9166666666667,10
322.0,10
322.0833333333333,10
322.1666666666667,10
322.25,10
322.3333333333333,10
322.4166666666667,10
322.5,10
322.5833333333333,10
322.6666666666667,10
322.75,10
322.8333333333333,10
322.9166666666667,10
323.0,10
323.0833333333333,10
323.1666666666667,10
323.25,10
323.3333333333333,10
323.4166666666667,10
323.5,10
323.5833333333333,10
323.6666666666667,10
323.75,10
323.8333333333333,10
323.9166666666667,10
324.0,10
324.0833333333333,10
324.1666666666667,10
324.25,10
324.3333333333333,10
324.4166666666667,10
324.5,10
324.5833333333333,10
324.6666666666667,10
324.75,10
324.8333333333333,10
324.9166666666667,10
325.0,10
325.0833333333333,10
325.1666666666667,10
325.25,10
325.3333333333333,10
325.4166666666667,10
325.5,10
325.5833333333333,10
325.6666666666667,10
325.75,10
325.8333333333333,10
325.9166666666667,10
326.0,10
326.0833333333333,10
326.1666666666667,10
326.25,10
326.3333333333333,10
326.4166666666667,10
326.5,10
326.5833333333333,10
326.6666666666667,10
326.75,10
326.8333333333333,10
326.9166666666667,10
327.0,10
327.0833333333333,10
327.1666666666667,10
327.25,10
327.3333333333333,10
327.4166666666667,10
327.5,10
327.5833333333333,10
327.6666666666667,10
327.75,10
327.8333333333333,10
327.9166666666667,10
328.0,10
328.0833333333333,10
328.1666666666667,10
328.25,10
328.3333333333333,10
328.4166666666667,10
328.5,10
328.5833333333333,10
328.6666666666667,10
328.75,10
328.8333333333333,10
328.9166666666667,10
329.0,10
329.0833333333333,10
329.1666666666667,10
329.25,10
329.3333333333333,10
329.4166666666667,10
329.5,10
329.5833333333333,10
329.6666666666667,10
329.75,10
329.8333333333333,10
329.9166666666667,10
330.0,10
330.0833333333333,10
330.1666666666667,10
330.25,10
330.3333333333333,10
330.4166666666667,10
330.5,10
330.5833333333333,10
330.6666666666667,10
330.75,10
330.8333333333333,10
330.9166666666667,10
331.0,10
331.0833333333333,10
331.1666666666667,10
331.25,10
331.3333333333333,10
331.4166666666667,10
331.5,10
331.5833333333333,10
331.6666666666667,10
331.75,10
331.8333333333333,10
331.9166666666667,10
332.0,10
332.0833333333333,10
332.1666666666667,10
332.25,10
332.3333333333333,10
332.4166666666667,10
332.5,10
332.5833333333333,10
332.6666666666667,10
332.75,10
332.8333333333333,10
332.9166666666667,10
333.0,10
333.0833333333333,10
333.1666666666667,10
333.25,10
333.3333333333333,10
333.4166666666667,10
333.5,10
333.5833333333333,10
333.6666666666667,10
333.75,10
333.8333333333333,10
333.9166666666667,10
334.0,10
334.0833333333333,10
334.1666666666667,10
334.25,10
334.3333333333333,10
334.4166666666667,10
334.5,10
334.5833333333333,10
334.6666666666667,10
334.75,10
334.8333333333333,10
334.9166666666667,10
335.0,10
335.0833333333333,10
335.1666666666667,10
335.25,10
335.3333333333333,10
335.4166666666667,10
335.5,10
335.5833333333333,10
335.6666666666667,10
335.75,10
335.8333333333333,10
335.9166666666667,10
